{
  "mode": "B",
  "slsqp": {
    "final_error": 0.6001939587968399,
    "best_times_s": {
      "S1": 45.493180732447705,
      "S2": 48.74269364190825,
      "S3": 20.06571915604501
    },
    "best_masses_kg": {
      "S1": 840.0000000000001,
      "S2": 899.9999999999999,
      "S3": 420.0
    },
    "runtime_s": 0.6127560999593697
  },
  "montecarlo": {
    "final_error": 0.005975343057580085,
    "best_times_s": {
      "S1": 100.30611231494694,
      "S2": 146.12168275608218,
      "S3": 46.92201805065637
    },
    "best_masses_kg": {
      "S1": 1852.082729499272,
      "S2": 2698.0354316611674,
      "S3": 982.1351244886062
    },
    "runtime_s": 269.4058094000211,
    "n_samples": 500
  }
}