{
  "mode": "A",
  "slsqp": {
    "final_error": 0.12000818342146449,
    "best_times_s": {
      "S1": 45.132123742507645,
      "S2": 45.132123742507645,
      "S3": 39.812934833422645
    },
    "best_masses_kg": {
      "S1": 833.3333333333334,
      "S2": 833.3333333333334,
      "S3": 833.3333333333335
    },
    "runtime_s": 0.5624238000018522
  },
  "montecarlo": {
    "final_error": 0.005983737902583335,
    "best_times_s": {
      "S1": 13.620954212669265,
      "S2": 53.157799931185224,
      "S3": 60.53047122185017
    },
    "best_masses_kg": {
      "S1": 251.5014636134584,
      "S2": 981.521872581388,
      "S3": 1266.9766638051537
    },
    "runtime_s": 286.49403030000394,
    "n_samples": 500
  },
  "bayes": {
    "final_error": 0.00725103690990271,
    "best_times_s": {
      "S1": 27.409673950169946,
      "S2": 42.13863172432082,
      "S3": 58.08733392930623
    },
    "best_masses_kg": {
      "S1": 506.10060117693536,
      "S2": 778.0605813561682,
      "S3": 1215.8388174668964
    },
    "runtime_s": 24.061917299986817,
    "n_calls": 60
  }
}