{
  "mode": "A",
  "slsqp": {
    "final_error": 0.12001009536609523,
    "best_times_s": {
      "S1": 45.132123742507645,
      "S2": 45.132123742507645,
      "S3": 39.812934833422645
    },
    "best_masses_kg": {
      "S1": 833.3333333333334,
      "S2": 833.3333333333334,
      "S3": 833.3333333333335
    },
    "runtime_s": 0.19629499997245148
  },
  "montecarlo": {
    "final_error": 0.023161556020691323,
    "best_times_s": {
      "S1": 77.22693707148242,
      "S2": 22.179799065823655,
      "S3": 31.747963040700732
    },
    "best_masses_kg": {
      "S1": 1425.9417806277218,
      "S2": 409.53459211532805,
      "S3": 664.5236272569506
    },
    "runtime_s": 1.6774458000436425,
    "n_samples": 10
  }
}